title,publication_info,link
外国語としての日本語 (JFL) の語用論的能力に関わる基礎的言語知識: 中国語を母語とする日本語学習者を例に,"木山幸子， キヤマサチコ， 玉岡賀津雄… - 言語教育評価 …, 2011 - obirin.repo.nii.ac.jp",https://obirin.repo.nii.ac.jp/record/1249/files/KJ00010065679.pdf
米国人学生のための (第二言語としての) 日本語作文指導を刷新する: 全人格的な人間成長を目指して,"松本浩史 - 日本語日本文学, 2011 - soka.repo.nii.ac.jp",https://soka.repo.nii.ac.jp/record/37090/files/nihongonihonbungaku0_21_15.pdf
「は」 と 「が」 に関する一考察: 外国語としての日本語教育との関連,"エレオノラ,ヨフコバ， 四位 - 横浜国立大学留学生センター教育研究 …, 2007 - ynu.repo.nii.ac.jp",https://ynu.repo.nii.ac.jp/?action=pages_view_main&active_action=repository_view_main_item_detail&item_id=5662&item_no=1&page_id=59&block_id=74
第二言語としての日本語の文章読解における語用論的推論過程,"佐藤智照 - 国立国語研究所論集, 2023 - repository.ninjal.ac.jp",https://repository.ninjal.ac.jp/record/3705/files/papers2403.pdf
日本語教育における 「ことばの多様性」 は何を目指すのか-学習・教育目的にみる適切さの意味から考える,任ジェヒ - 2019 - waseda.repo.nii.ac.jp,https://waseda.repo.nii.ac.jp/record/48165/files/WasedaNihongoKyoikugaku_27_17.pdf
JSL/JFL における社会語用論理的知識の教育について,"武原美穂 - 大分大学国際教育研究センター紀要, 2007 - our.repo.nii.ac.jp",https://our.repo.nii.ac.jp/record/2008408/files/1-5.pdf
第二言語としての日本語の副詞習得に関する研究の概観及び今後の展望,胡娜， コナ - 2020 - tufs.repo.nii.ac.jp,https://tufs.repo.nii.ac.jp/record/5195/files/lacs026031.pdf
「文脈化」 による応用日本語研究: 文法項目の提出順再考,川口義一 - 2003 - waseda.repo.nii.ac.jp,https://waseda.repo.nii.ac.jp/record/28232/files/WasedaNihongoKenkyu_11_Kawaguchi.pdf
日本語教育における文化,"久保田竜子 - アメリカにおける日本語教育の過去・現在・未来, 2013 - aatj.org",https://www.aatj.org/resources/publications/book/Culture_Kubota.pdf
発語における 「いま」:「動詞-た」 について,"長友文子， ナガトモアヤコ - 和歌山大学クロスカル教育機構 …, 2018 - wakayama-u.repo.nii.ac.jp",https://wakayama-u.repo.nii.ac.jp/records/2005788
構文の拡張プロセスによる日本語文法教育: 受身と授受構文の提出順序と仕方を中心に: 受身と授受構文の提出順序と仕方を中心に,"李尙秀 - 동북아 문화연구, 2015 - dbpia.co.kr",https://www.dbpia.co.kr/Journal/articleDetail?nodeId=NODE06578645
文章の理解・産出の認知過程を踏まえた教育ヘ――伝達目的での読解と作文の実験とともに――,"柏崎秀子 - 日本語教育, 2010 - jstage.jst.go.jp",https://www.jstage.jst.go.jp/article/nihongokyoiku/146/0/146_34/_article/-char/ja/
日本語学習における中核文を用いた読解指導: 第一言語学習と第二言語学習との接点を考える,"立川和美， タチカワカズミ - 流通経済大学社会学部論叢, 2007 - rku.repo.nii.ac.jp",https://rku.repo.nii.ac.jp/record/1328/files/KJ00005543274.pdf
日本語教師養成講座の充実を求めて: 民間教師養成講座用の自己評価表試案,"佐々木倫子， ササキミチコ - 桜美林論考. 言語文化研究, 2010 - obirin.repo.nii.ac.jp",https://obirin.repo.nii.ac.jp/?action=pages_view_main&active_action=repository_view_main_item_detail&item_id=933&item_no=1&page_id=13&block_id=38
外国語としての日本語における語用法の教え方,"Y Takigawa - 大阪女学院短期大学紀要, 2004 - 大阪女学院短期大学",
「文脈化」 による文法項目の提出順再考―条件表現を例として―,"川口義一 - ヨーロッパ日本語教育, 2003",
外国語教育と待遇表現: 朝鮮語・フランス語,"曽我祐典 - 総研論集, 1995 - kwansei.repo.nii.ac.jp",https://kwansei.repo.nii.ac.jp/record/23391/files/KJ00000115953.pdf
授受表現・日ビ 参考文献,大修館書店 - 神戸大学留学生センター紀要,
< 研究論文> 中間言語語用論に基づく誤用から見た中国の日本語教育: 江蘇大学日本語専攻を中心に考察して,"趙康英， 福岡昌子 - 三重大学国際交流センター紀要, 2013 - mie-u.repo.nii.ac.jp",https://mie-u.repo.nii.ac.jp/?action=pages_view_main&active_action=repository_view_main_item_detail&item_id=6688&item_no=1&page_id=13&block_id=21
日本語教育方法研究会誌 Vol. 28 No. 2,稲田栄一， 侯鵬図， 宮口徹也， 松野美海， 金銀珠… - jstage.jst.go.jp,https://www.jstage.jst.go.jp/article/jlem/28/2/28_Toc/_article/-char/ja/
初級日本語学習者のための待遇コミュニケーション教育: スピーチスタイルに関する 「気づき」 を中心に 早稲田大学博士学位申請論文,I Walker - 2009 - waseda.repo.nii.ac.jp,https://waseda.repo.nii.ac.jp/record/25143/files/Gaiyo-5150.pdf
日本語教授法開発と教師養成―ライティングにおける書きことばの習得と学習を例に―,"鎌田美千子 - 文化交流研究: 東京大学文学部次世代人 …, 2022 - repository.dl.itc.u-tokyo.ac.jp",https://repository.dl.itc.u-tokyo.ac.jp/record/2005722/files/sce35010.pdf
日本語と欧米諸言語との対照研究: 英語・スペイン語・ポルトガル語・フランス語,"藤井聖子， 佐々木倫子 - 国立国語研究所創立 50 周年記念 研究 …, 1998 - repository.ninjal.ac.jp",https://repository.ninjal.ac.jp/record/3323/files/kkkhk_1998_12.pdf
対照研究と日本語教育のより良い関係を目指して,太田亨 - 2002 - kanazawa-u.repo.nii.ac.jp,https://kanazawa-u.repo.nii.ac.jp/record/31517/files/FO-PR-OTA-A-27460.pdf
日本語教育においてバリエーションを扱う必要性の再検討: 社会言語能力と語用論的能力に注目して,"任ジェヒ - 日本語・日本語教育, 2024 - rikkyo.repo.nii.ac.jp",https://rikkyo.repo.nii.ac.jp/record/2000387/files/SB60001491_07_08.pdf
天理大学日本語教員養成課程の取り組み,菊池律之 - 天理大学学報,
日本語教育と私: 出会った教科書・作った教科書,岡野喜美子 - 2002 - waseda.repo.nii.ac.jp,https://waseda.repo.nii.ac.jp/record/25954/files/KJ00000178814.pdf
日本語の言語類型論的特徴がモダリティに及ぼす影響,"森山新 - 御茶ノ水女子大学比較日本学教育研究センター研究年鑑, 2009 - teapot.lib.ocha.ac.jp",https://teapot.lib.ocha.ac.jp/record/41045/files/5_18.pdf
真正性を高めたタスク教材を用いた指導の効果――ビジネスメール・ビジネス文書作成に焦点を当てて――,"向山陽子 - 日本語教育, 2016 - jstage.jst.go.jp",https://www.jstage.jst.go.jp/article/nihongokyoiku/164/0/164_94/_article/-char/ja/
語彙情報に基づいた日本語話者のための韓国語教育用語彙目録の開発,"南潤珍 - 朝鮮語教育: 理論と実践, 2019 - jstage.jst.go.jp",https://www.jstage.jst.go.jp/article/jaskle/14/0/14_25/_article/-char/ja/
KY コーパスと日本語教育研究,"鎌田修 - 日本語教育, 2006 - jstage.jst.go.jp",https://www.jstage.jst.go.jp/article/nihongokyoiku/130/0/130_42/_article/-char/ja/
事態把握の認知枠が第二言語習得に与える影響: 英語・日本語・韓国語の対照研究,守屋哲治 - 2013 - kanazawa-u.repo.nii.ac.jp,https://kanazawa-u.repo.nii.ac.jp/?action=pages_view_main&active_action=repository_view_main_item_detail&item_id=46515&item_no=1&page_id=13&block_id=21
指導に生かすための研究,"河野俊之 - 横浜国立大学留学生センター教育研究論集, 2007 - ynu.repo.nii.ac.jp",https://ynu.repo.nii.ac.jp/?action=pages_view_main&active_action=repository_view_main_item_detail&item_id=5658&item_no=1&page_id=59&block_id=74
韓国語から見た対照言語学の可能性: 日韓対照言語学的思考の系譜と展望,"辻野裕紀 - … 語・日本文化研究: 新機軸の日本語・日本語教育 …, 2021 - catalog.lib.kyushu-u.ac.jp",https://catalog.lib.kyushu-u.ac.jp/ja/recordID/4491642/?repository=yes
"アメリカにおける言語学の研究と教育: ワシントン大学, イリノイ大学アーバナ・シャンペーン校",佐々木一隆， ササキカズタカ - 1997 - core.ac.uk,https://core.ac.uk/download/pdf/59265027.pdf
日本語研究から日本語教育研究への越境,"白川博之 - 日本語の研究, 2018 - jstage.jst.go.jp",https://www.jstage.jst.go.jp/article/nihongonokenkyu/14/2/14_68/_article/-char/ja/
義務教育課程と関連する日本語教育政策: 学習権の保障の観点から,宮崎里司， 木村哲也 - 2014 - waseda.repo.nii.ac.jp,https://waseda.repo.nii.ac.jp/record/10732/files/KyoshokuKenkyukaKiyo_6_Miyazaki.pdf
学習者コーパスにおける日本語の相互行為詞の分析: 用法基盤モデルの日本語教育への応用,"増田恭子 - 国立国語研究所論集, 2024 - cir.nii.ac.jp",https://cir.nii.ac.jp/crid/1390580450402041984
外国語としての韓国語文化教育の新たな試み-実践研究の立場から,JA Min - 2018 - unitesi.unive.it,https://unitesi.unive.it/handle/20.500.14247/20149
第二言語の談話におけるトピック性と指示表現 ートピック・マーカー 「は」 の習得を中心にー,遠山千佳， トオヤマチカ - 2023 - nufs-nuas.repo.nii.ac.jp,https://nufs-nuas.repo.nii.ac.jp/record/2000001/files/%28O8%29%E9%81%A0%E5%B1%B1%E5%8D%83%E4%BD%B3%E3%80%80%E8%A9%A6%E9%A8%93%E3%81%AE%E5%86%85%E5%AE%B9%E5%8F%8A%E3%81%B3%E3%81%9D%E3%81%AE%E7%B5%90%E6%9E%9C%EF%BC%88%E5%88%A5%E7%B4%992%EF%BC%89.pdf
ライティングにおける語用論的誤りの回避,稲葉みどり - 2003 - aue.repo.nii.ac.jp,https://aue.repo.nii.ac.jp/?action=pages_view_main&active_action=repository_view_main_item_detail&item_id=2227&item_no=1&page_id=13&block_id=21
日本語教員養成課程における教育実習のありかたに関する一考察: 課程科目と教育実習の有機的な連携を目指して,"佐藤香織， 菊池律之 - 北海道教育大学紀要. 教育科学編, 2019 - hokkyodai.repo.nii.ac.jp",https://hokkyodai.repo.nii.ac.jp/record/6761/files/69-2-kyoiku-11.pdf
表示切替式読解支援における教育用 「文型」 に基づいた構造化,"中尾桂子， 森下淳也 - じんもんこん 2011 論文集, 2011 - ipsj.ixsq.nii.ac.jp",https://ipsj.ixsq.nii.ac.jp/ej/?action=pages_view_main&active_action=repository_view_main_item_detail&item_id=79389&item_no=1&page_id=13&block_id=8
身体的技術の指導に関するマルチモーダル会話分析―能楽仕舞の稽古場面に見られる訂正の導入を中心に―,"李頌雅 - 語用論研究, 2024 - jstage.jst.go.jp",https://www.jstage.jst.go.jp/article/pragmatics/25/0/25_106/_article/-char/ja/
日本語教育のための 「形」「意味」「使用環境」 を連動させた選好傾向の記述: 初級の類義表現を事例として 早稲田大学博士学位申請論文,小西円 - 2011 - waseda.repo.nii.ac.jp,https://waseda.repo.nii.ac.jp/record/25248/files/Gaiyo-5757.pdf
音声によるビジネス日本語教育用タスク教材の開発: 議事録作成能力の養成を目指して,"向山陽子 - Global studies, 2024 - mu.repo.nii.ac.jp",https://mu.repo.nii.ac.jp/record/2000183/files/Globalstudies8_04.pdf
学部生へのライティング支援と大学院研究教育とを繋ぐ卓越大学院試行プロジェクト,"藤井聖子 - … , Information, Text= 言語・情報・テクスト: 東京 …, 2017 - repository.dl.itc.u-tokyo.ac.jp",https://repository.dl.itc.u-tokyo.ac.jp/record/54144/file_preview/Language_Information_Text_v24-7.pdf
「コミュニケーション論」 の視座に基づく第二言語教育・学習の研究の構想-社会的視点からの談話分析の射程と可能性,李址遠 - 2019 - waseda.repo.nii.ac.jp,https://waseda.repo.nii.ac.jp/record/58019/files/Gaiyo-8495.pdf
日本語口答会話試験におけるバフチンの 「対話性」 の考察,小村親英， コムラチカヒデ - 2007 - kansaigaidai.repo.nii.ac.jp,https://kansaigaidai.repo.nii.ac.jp/?action=pages_view_main&active_action=repository_view_main_item_detail&item_id=5893&item_no=1&page_id=13&block_id=21
日本語の習得硏究の現狀と課題,"한선희 - 일본어문학, 2006 - kci.go.kr",https://www.kci.go.kr/kciportal/landing/article.kci?arti_id=ART001139440
「学習と人生のつながりの軸」 の形成と意識化をめざした日本語教育-フランスの日本語専攻学生の移動性に注目して,山内薫 - 2019 - waseda.repo.nii.ac.jp,https://waseda.repo.nii.ac.jp/record/47500/files/Gaiyo-8251.pdf
ハワイ大学の日本語教育について,"山本進 - 日本語・日本文化, 1997 - ir.library.osaka-u.ac.jp",https://ir.library.osaka-u.ac.jp/repo/ouka/all/9474/KJ00005415439.pdf
コーパスを活用した日本語教育研究 (< 特集> 日本語コーパス),"砂川有里子 - 人工知能, 2009 - jstage.jst.go.jp",https://www.jstage.jst.go.jp/article/jjsai/24/5/24_656/_article/-char/ja/
中国語母語話者に対する 「は」 と 「が」 の指導法− 主題・主格の日中対照研究による−,徐一琳 - 2005 - waseda.repo.nii.ac.jp,https://waseda.repo.nii.ac.jp/record/24595/files/34079.pdf
"年少者日本語教育における日本語教材, 教授法および教育行政システム構築に関する研究",川上郁雄 - 2008 - waseda.repo.nii.ac.jp,https://waseda.repo.nii.ac.jp/record/25157/files/Kakenhi_Kawakami.pdf
学習者の誤用を産み出す言語処理のストラテジー (1): 場所を表す 「に」 と 「で」 の場合< 論文,"迫田久美子 - 広島大学日本語教育研究, 2001 - hiroshima.repo.nii.ac.jp",https://hiroshima.repo.nii.ac.jp/record/2033785/files/HiroshimaUniv-NihongoKyoikuKenkyu_11_17.pdf
日本語教育と文化の交差点: 異文化コミュニケーションの視点から,原田登美， ハラダトミ - 2000 - konan-u.repo.nii.ac.jp,https://konan-u.repo.nii.ac.jp/record/344/files/K00268.pdf
日本語習得研究の日米お家事情,"佐々木嘉則 - … 文化と日本語教育. 増刊特集号, 第二言語習得・教育 …, 2002 - teapot.lib.ocha.ac.jp",https://teapot.lib.ocha.ac.jp/record/40593/files/20130619_rev.pdf
バリエーション学習のあり方に関する一考察: 日本語学習者による人称表現の使い分けを手がかりに,"任ジェヒ - 日本語・日本語教育, 2020 - rikkyo.repo.nii.ac.jp",https://rikkyo.repo.nii.ac.jp/record/20715/files/SB60001491_04_10.pdf
課題遂行型の活動を取り入れた日本語教育の実践,"柳澤絵美， 小森和子， 菊池富美子， 渡辺晴世… - 明治大学国際日本 …, 2019 - meiji.repo.nii.ac.jp",https://meiji.repo.nii.ac.jp/record/7061/files/kokusainihongaku_11_2_133.pdf
学校英語教育は言語教育たりえているのか 意味の身体性と社会性からの考察,"柳瀬陽介 - KELES ジャーナル, 2021 - jstage.jst.go.jp",https://www.jstage.jst.go.jp/article/keles/6/0/6_6/_article/-char/ja/
聴覚障害児教育への手話導入に関する一考察,野本裕子， 都築繁幸 - 2002 - aue.repo.nii.ac.jp,https://aue.repo.nii.ac.jp/record/4240/files/chiryo227583.pdf
大学の初級日本語クラスにおけるタスクベースの言語指導―マイクロ評価に基づく考察を中心に―,"小口悠紀子 - 日本語教育, 2019 - jstage.jst.go.jp",https://www.jstage.jst.go.jp/article/nihongokyoiku/174/0/174_56/_article/-char/ja/
対照研究の流れと国立国語研究所における対照研究の系譜,"佐々木倫子， 比較言語学， 対照言語学 - 言語の対照研究, 1997 - core.ac.uk",https://core.ac.uk/download/pdf/327170347.pdf
< 実践報告> 文化庁 「生活者としての外国人」 事業の実施報告及び今後の課題:「三重大学ボランティア日本語講師養成講座」 を通して,"福岡昌子 - 三重大学国際交流センター紀要, 2010 - mie-u.repo.nii.ac.jp",https://mie-u.repo.nii.ac.jp/?action=pages_view_main&active_action=repository_view_main_item_detail&item_id=6643&item_no=1&page_id=13&block_id=21
インドネシア人・台湾人日本語学習者による 「断り」 のストラテジー: プラグマティック・トランスファーの再考,"藤原智栄美 - 茨城大学留学生センター紀要, 2009 - rose-ibadai.repo.nii.ac.jp",https://rose-ibadai.repo.nii.ac.jp/record/9917/files/20090134.pdf
論文指導の場面における終助詞 「かな」 の配慮機能―『BTSJ 日本語自然会話コーパス』 のデータから―,L Yue - clrd.ninjal.ac.jp,https://clrd.ninjal.ac.jp/lrw/lrw2023/o07-s_paper.pdf
日本語教育における 「物語の創作」 の意義と展望-創造的想像力の育成とことばの学び,小松麻美 - 2020 - waseda.repo.nii.ac.jp,https://waseda.repo.nii.ac.jp/record/58654/files/WasedaNihongoKyoikugaku_29_19.pdf
授与動詞と異文化コミュニケーション,"中崎温子 - 北陸大学 紀要, 2001 - hokuriku-u.ac.jp",https://www.hokuriku-u.ac.jp/about/campus/libraryDATA/kiyo25/169.pdf
初級日本語課程の 「教室の文脈」 における 「待遇コミュニケーション教育」,川口義一 - 2012 - waseda.repo.nii.ac.jp,https://waseda.repo.nii.ac.jp/record/25079/files/WasedaNihongoKyoikugaku_11_Kawaguchi.pdf
ナショナル・スタンダーズの日本語教育への応用-国際関係大学院における日本語カリキュラムの開発,"牛田英子， ウシダエイコ - 世界の日本語教育. 日本語教育論集, 2007 - jpf.repo.nii.ac.jp",https://jpf.repo.nii.ac.jp/?action=pages_view_main&active_action=repository_view_main_item_detail&item_id=393&item_no=1&page_id=13&block_id=21
Processability Theory (PT) を用いた形態素と統語構造の習得の分析: 特別集中日本語コースに参加した英語を母国語とする成人学習者の場合,"岩崎順子 - Second Language, 2013 - jstage.jst.go.jp",https://www.jstage.jst.go.jp/article/secondlanguage/12/0/12_21/_article/-char/ja/
日本語教育における接続詞指導･ 習得に関する研究文献とその概要,"馬場俊臣 - 札幌国語研究, 2006 - hokkyodai.repo.nii.ac.jp",https://hokkyodai.repo.nii.ac.jp/record/7273/files/sap-kokugo-11-07.pdf
日本語学習者の 「ように」 を用いた間接話法の習得状況について,"佐藤香織 - 秋田大学国際交流センター紀要, 2012 - air.repo.nii.ac.jp",https://air.repo.nii.ac.jp/?action=pages_view_main&active_action=repository_view_main_item_detail&item_id=1847&item_no=1&page_id=13&block_id=21
認知言語学・用法基盤モデルの誕生の背景からみる特徴と第二言語習得研究への応用,"橋本ゆかり - 横浜国大国語研究, 2017 - ynu.repo.nii.ac.jp",https://ynu.repo.nii.ac.jp/record/8094/files/35-11.pdf
語彙 (理論・現代),"宮田公治 - 日本語の研究, 2023 - jstage.jst.go.jp",https://www.jstage.jst.go.jp/article/nihongonokenkyu/19/1/19_17/_article/-char/ja/
現場と繋がる 「日本語教育実習」 の課題と提言: 沖縄国際大学日本文化学科の場合,"大城朋子 - 沖縄国際大学日本語日本文学研究, 2017 - okiu1972.repo.nii.ac.jp",https://okiu1972.repo.nii.ac.jp/record/357/files/13429485_22_1_OSHIRO_Tomoko_yoko.pdf
予測文法研究一後続文完成課題における JSL と JFL の予測能力にっいて一,津留崎由紀子， 中嶋敦子， 金志宣， 近藤彩， 齋美智子… - 1997 - teapot.lib.ocha.ac.jp,https://teapot.lib.ocha.ac.jp/record/38988/files/19_182-209.pdf
ビデオ教材 『言語景観で学ぶ日本語』 のシナリオの公開,"イソノヒデハル， ニシゴオリジロウ， 磯野英治… - 日本語 …, 2019 - tokyo-metro-u.repo.nii.ac.jp",https://tokyo-metro-u.repo.nii.ac.jp/record/8334/files/20022-039-010.pdf
改善要求の場面における働きかけ方略の対照研究: 日本語母語話者とウクライナ語母語話者の大学生の場合 (論文),ザブランナオレスタ - 2013 - tufs.repo.nii.ac.jp,https://tufs.repo.nii.ac.jp/record/3584/files/isre017001.pdf
慰めにおける韓国人日本語学習者の語用論的転移と中間言語,"元智恩 - 일어일문학, 2010 - dbpia.co.kr",https://www.dbpia.co.kr/Journal/articleDetail?nodeId=NODE01561151
< 調査報告・実践報告> 日研生教育における課題研究の位置付けと役割--『2011 年度日本政府 (文部科学省) 奨学金留学生 日本語・日本文化研修留学生コースガイド』 の分析を …,"パリハワダナルチラ， 森眞理子 - 京都大学国際交流 …, 2012 - repository.kulib.kyoto-u.ac.jp",https://repository.kulib.kyoto-u.ac.jp/dspace/handle/2433/154809
Plan Curricular del Instituto Cervantes の文化構成要素,"江澤照美， エザワテルミ - 紀要. 言語・文学編, 2016 - aichi-pu.repo.nii.ac.jp",https://aichi-pu.repo.nii.ac.jp/record/2727/files/08%E6%B1%9F%E6%BE%A4.pdf
聴覚障害児の日本語習得を巡る課題と展望,"澤隆史 - 東京学芸大学紀要 総合教育科学系, 2020 - u-gakugei.repo.nii.ac.jp",https://u-gakugei.repo.nii.ac.jp/?action=repository_uri&item_id=36493&file_id=21&file_no=1
日本語動詞の諸相,村木新次郎 - 1991 - hituzi.co.jp,https://www.hituzi.co.jp/mihatu17/mihatu17_web.pdf
大学の日本語教員養成・研修における課題を含めた現状,"宇佐美まゆみ - 文化庁第 3 回日本語教員等の養成・研修に関する調査 …, 2009 - bunka.go.jp",http://www.bunka.go.jp/seisaku/bunkashingikai/kondankaito/nihongo_kyoin/03/pdf/shiryo_2.pdf
教材作成から得られる学術および教育的視点の一例,持田祐美子 - dbpia.co.kr,https://www.dbpia.co.kr/Journal/articleDetail?nodeId=NODE07537829
ビジネスコミュニケーション教育のためのコース・デザインの検討: 2014 年度及び 2015 年度の 「ビジネス日本語」 コースの実践報告,"金孝卿 - … 社会と留学生交流: 大阪大学国際教育交流センター研究 …, 2016 - ir.library.osaka-u.ac.jp",https://ir.library.osaka-u.ac.jp/repo/ouka/all/55553/?lang=0
『ヨーロッパ言語共通参照枠』(CEFR) は日本の外国語教育に何をもたらしたか?,"境一三 - 複言語・多言語教育研究, 2013 - jstage.jst.go.jp",https://www.jstage.jst.go.jp/article/jactfl/1/0/1_34/_article/-char/ja/
言語類型論の観点から見た中国人日本語学習者のモダリティの習得,玉地瑞穂 - 2007 - tohoku.repo.nii.ac.jp,https://tohoku.repo.nii.ac.jp/record/92766/files/K1H190072.pdf
新たな 「日本語教師になるためのプログラム」 の設置,"根津真知子 - ICU 日本語教育研究センター紀要, 2002 - icu.repo.nii.ac.jp",https://icu.repo.nii.ac.jp/?action=repository_uri&item_id=2146&file_id=18&file_no=1
日本語の 「はい」 とスペイン語の sí について,三好準之助 - 2014 - ksu.repo.nii.ac.jp,https://ksu.repo.nii.ac.jp/record/1402/files/AHSUSK_HS_47_21.pdf
言語使用に関する対照社会言語学的研究: 日本人・韓国人・韓国人日本語学習者の否定表明を中心に,金慶燕， キンキョンヨン - 1999 - ir.library.osaka-u.ac.jp,https://ir.library.osaka-u.ac.jp/repo/ouka/all/42022/14911_Abstract.pdf
中国人日本語学習者の授受動詞文理解に影響を及ぼす要因―視点制約と方向性に着目して―,"武村美和 - 日本語教育, 2011 - jstage.jst.go.jp",https://www.jstage.jst.go.jp/article/nihongokyoiku/148/0/148_129/_article/-char/ja/
日本語の受身文の習得に関する文献から見た研究動向,"李偉 - 日本語・日本文化研究, 2015 - ir.library.osaka-u.ac.jp",https://ir.library.osaka-u.ac.jp/repo/ouka/all/54496/sjlc25_090.pdf
中国の大学ビジネス日本語教育における初・中上級教育の内容の再検討について-『標準商務基礎日語』(第 1 冊~ 第 4 冊) を資料として,胡小春， ｺｼｮｳｼｭﾝ - 2019 - jiu.repo.nii.ac.jp,https://jiu.repo.nii.ac.jp/?action=repository_uri&item_id=285&file_id=22&file_no=3
中国における日本語研究,"彭広陸 - 日本語文化論叢, 2018 - core.ac.uk",https://core.ac.uk/download/pdf/229196400.pdf
日本語教育への 「意味順」 の応用―読解授業において日本語文の構文解析力を育成するための指導例―,セーンウライティティソーン - 2024 - tufs.repo.nii.ac.jp,https://tufs.repo.nii.ac.jp/records/2000473
「10 年続けばその次につながる」 を合言葉に JACTFL10 年の活動の軌跡を振り返る,"中野佳代子 - 複言語・多言語教育研究, 2022 - jstage.jst.go.jp",https://www.jstage.jst.go.jp/article/jactfl/10/0/10_5/_article/-char/ja/
日本語を第二言語とする英語母語幼児のテンス・アスペクトの習得プロセス――タ形・テイ形の使用について――,"橋本ゆかり - 日本語教育, 2006 - jstage.jst.go.jp",https://www.jstage.jst.go.jp/article/nihongokyoiku/131/0/131_13/_article/-char/ja/
英語を母語とする日本語学習者の中間言語的スタイル切り換え: 文末形式を中心に,"イマムラケイスケ， 今村圭介 - 日本語研究, 2013 - tokyo-metro-u.repo.nii.ac.jp",https://tokyo-metro-u.repo.nii.ac.jp/record/1646/files/20022-033-006.pdf
創造的想像力を触発する日本語教育-創作活動による日本語学習環境デザインの理論と実践,小松麻美 - 2021 - waseda.repo.nii.ac.jp,https://waseda.repo.nii.ac.jp/record/65747/files/Gaiyo-8879.pdf
日韓母語話者及び韓国人日本語学習者における 「再勧誘」 行動に関する語用論的研究,"鄭在恩 - (No Title), 2013 - nagoya.repo.nii.ac.jp",https://nagoya.repo.nii.ac.jp/record/16255/files/k10222_thesis.pdf
映像作品を利用する教室指導法,徐燕 - 2009 - catalog.lib.kyushu-u.ac.jp,https://catalog.lib.kyushu-u.ac.jp/ja/recordID/4493111/?repository=yes
"再考: 何を指導し, どう評価するのか","N Iwasaki - BATJ Journal, 2010 - eprints.soas.ac.uk",https://eprints.soas.ac.uk/10406/1/Iwasaki_2010_BATJ_Workshop_Report.pdf
日本語の習得研究の現状と課題,韓先煕 - 2006,
対照言語学の役割,松本青也 - 1993 - aska-r.repo.nii.ac.jp,https://aska-r.repo.nii.ac.jp/record/7064/files/0013001199304035042.pdf
日本語学習者の認知能力に働きかけるスライド教材の提案,"山口薫， ヤマグチカオル - 南山大学外国人留学生別科紀要, 2022 - nanzan-u.repo.nii.ac.jp",https://nanzan-u.repo.nii.ac.jp/record/4076/files/cjs5_04_yamaguchi_kaoru.pdf
日本語の参照文法書をめぐって―なぜ日本語の参照文法は書かれないか,加藤重広， カトウシゲヒロ - 2022 - tufs.repo.nii.ac.jp,https://tufs.repo.nii.ac.jp/record/2240/files/jaas-supp002003.pdf
日英対照・認識的モダリティの研究動向,"黒滝真理子 - 言語文化 と日本語教育』 お茶の水 女子 大学 日本 …, 2002 - teapot.lib.ocha.ac.jp",https://teapot.lib.ocha.ac.jp/record/40597/files/02-KurotakiM-re051110-final.pdf
学習に対する状況論的アプローチについての基礎文献報告,"木林理恵， 金銀美 - 言語情報学研究報告, 2004 - coelang.tufs.ac.jp",https://www.coelang.tufs.ac.jp/common/pdf/research_paper13/section/163-176.pdf
中国人日本語学習者による間接発話理解の速さと正確さへの影響要因,"玉岡賀津雄 - 中国語話者のための日本語教育研究, 2020 - tamaoka.org",https://tamaoka.org/scholarly/sadokuari/2020/186.pdf
『BTSJ 日本語自然会話コーパス』 における反論ストラテジーの分析,"陳朝陽， 宇佐美まゆみ， 接続詞 - 言語資源活用ワークショップ …, 2019 - repository.ninjal.ac.jp",https://repository.ninjal.ac.jp/record/2592/files/LRW2019_28_P-3-3.pdf
留学中の日常体験を生かした日本語学習: どのような学習支援が一教師にできるか,土田恵未， ツチダメグミ - 2021 - kansaigaidai.repo.nii.ac.jp,https://kansaigaidai.repo.nii.ac.jp/?action=pages_view_main&active_action=repository_view_main_item_detail&item_id=8042&item_no=1&page_id=13&block_id=21
ロシア語母語話者の縦断データにみる認識的モダリティの発達,"シキヤカロリーナ， 志喜屋カロリーナ - 日本語研究, 2019 - tokyo-metro-u.repo.nii.ac.jp",https://tokyo-metro-u.repo.nii.ac.jp/record/8333/files/20022-039-009.pdf
中国語母語話者による 「ト思う」 の習得研究,林佩怡 - 2007 - tohoku.repo.nii.ac.jp,https://tohoku.repo.nii.ac.jp/record/51350/files/cahe-2-09.pdf
「断り」 のストラテジー,藤原智宋美 - rose-ibadai.repo.nii.ac.jp,https://rose-ibadai.repo.nii.ac.jp/?action=repository_uri&item_id=9917&file_id=20&file_no=1
中国語を母語とする日本語学習者の不同意行為―ヘッジ使用にみられる中間言語の考察―,堀田智子 - 2020 - tohoku.repo.nii.ac.jp,https://tohoku.repo.nii.ac.jp/record/129993/files/2435-0109-2019-26-55.pdf
留学生の日本語による依頼メールの文章産出過程—文章産出過程に影響を与える要素の分析—,"阿部響子 - 千葉大学大学院人文社会科学研究科研究プロジェクト報告 …, 2014 - opac.ll.chiba-u.jp",https://opac.ll.chiba-u.jp/da/curator/900118119/2014no.278_41_56.pdf
日本語における 「自己表現」 に関する一考察-コミュニケーション主体の 「意識」 と の観点から,佐々木瑛代 - 2022 - waseda.repo.nii.ac.jp,https://waseda.repo.nii.ac.jp/record/2002639/files/NihongogakuKenkyuToSiryo_45_3.pdf
初級日本語教室における日本語能力: その認知的側面・情意的側面・社会的側面,川口義一 - 2011 - waseda.repo.nii.ac.jp,https://waseda.repo.nii.ac.jp/record/24977/files/WasedaNihongoKyoikugaku_09_Kawaguchi.pdf
スウェーデン語母語話者による日本語の習得-文法と音声にみる日本語留学の効果,"永野マドセン泰子， 岡本グフタフソン有花… - … 大学留学生教育, 2014 - kochi.repo.nii.ac.jp",https://kochi.repo.nii.ac.jp/record/5615/files/8-6.pdf
日本語のプロセス・ライティングにおける効果的なフィードバック―奨学金応募エッセイの作成を通じて―,稲葉みどり - 2011 - aue.repo.nii.ac.jp,https://aue.repo.nii.ac.jp/?action=pages_view_main&active_action=repository_view_main_item_detail&item_id=1984&item_no=1&page_id=13&block_id=21
中学 1 年生の異文化指向性と外国語 (英語) 学習動機づけの関係,"藤居真路 - … 教育学研究科紀要. 第二部, 文化教育開発関連領域, 2011 - hiroshima.repo.nii.ac.jp",https://hiroshima.repo.nii.ac.jp/records/2031420
聞き返しの表現: 日本語と英語,"西村政人 - 広島大学留学生センター紀要, 2004 - hiroshima.repo.nii.ac.jp",https://hiroshima.repo.nii.ac.jp/records/2034933
韓・中日本語学習者の非現場指示の使い分けに関する研究--複数使用可能な指示詞のソ系とア系を中心に,"安龍洙 - 日本語教育論集, 2002 - core.ac.uk",https://core.ac.uk/download/pdf/234726884.pdf
言語能力はいかにして評価するべきか: ACTFL-OPI における言語能力観の分析と考察をとおして,大西博子 - 2006 - waseda.repo.nii.ac.jp,https://waseda.repo.nii.ac.jp/record/27129/files/GengoBunkaKyoikuKenkyu_4_Onishi.pdf
日本語教員養成課程の学生による日本語ボランティア,西谷まり - 2000 - hermes-ir.lib.hit-u.ac.jp,http://hermes-ir.lib.hit-u.ac.jp/rs/bitstream/10086/8594/1/ryugaku0000301090.pdf
日本語学習者の文章聴解における作動記憶の機能: 文脈の順序性を操作した実験的検討,"徐暢 - 広島大学大学院教育学研究科紀要. 第二部, 文化教育 …, 2019 - hiroshima.repo.nii.ac.jp",https://hiroshima.repo.nii.ac.jp/records/2031714
聴解教育における研究の動向: 入力データの分析,"金庭久美子 - 横浜国立大学留学生センター教育研究論集, 2007 - ynu.repo.nii.ac.jp",https://ynu.repo.nii.ac.jp/?action=pages_view_main&active_action=repository_view_main_item_detail&item_id=5659&item_no=1&page_id=59&block_id=74
オンライン接触場面における日本語の雑談の様相―談話の収縮と拡張に着目して―,"鈴木麻由 - 言語習得と日本語教育= Language Acquisition and …, 2024 - ynu.repo.nii.ac.jp",https://ynu.repo.nii.ac.jp/record/2000960/files/4-2.pdf
他者とつながる外国語学習をめざして,田原憲和 - 2019 - books.google.com,https://books.google.com/books?hl=en&lr=&id=2nKaDwAAQBAJ&oi=fnd&pg=PA1&dq=%E8%AA%9E%E7%94%A8%E8%AB%96+AND+(%E7%AC%AC%E4%BA%8C%E8%A8%80%E8%AA%9E%E3%81%A8%E3%81%97%E3%81%A6%E3%81%AE%E6%97%A5%E6%9C%AC%E8%AA%9E+OR+%E5%A4%96%E5%9B%BD%E8%AA%9E%E3%81%A8%E3%81%97%E3%81%A6%E3%81%AE%E6%97%A5%E6%9C%AC%E8%AA%9E)+AND+(%E6%95%99%E8%82%B2+OR+%E6%8C%87%E5%B0%8E)&ots=fxfeUI0cgw&sig=Jk-yJheVCfZ7nQ0M6nIiyNnVl74
日本語のアスペクト習得に関する研究の動向,"菅谷奈津恵 - 言語文化と日本語教育』 2005 年, 2005 - teapot.lib.ocha.ac.jp",https://teapot.lib.ocha.ac.jp/record/40556/file_preview/03_39-67.pdf
20 周年記念シンポジウム 社会言語科学会 20 年の軌跡とこれから: 徳川賞受賞者からの提言,"小磯花絵， 田中ゆかり， 中東靖恵， 山下里香… - 社会言語科学, 2018 - jstage.jst.go.jp",https://www.jstage.jst.go.jp/article/jajls/21/1/21_397/_article/-char/ja/
日英語母語話者による第二言語のアスペクト解釈と処理コスト,"山崎妙， ヤマザキタエ - 駒澤大学外国語論集, 2024 - komazawa-u.repo.nii.ac.jp",https://komazawa-u.repo.nii.ac.jp/record/2033796/files/rgs037-03-yamazaki.pdf
応用認知言語学の観点から見たモダリティの意味変化の類型論的研究,"玉地瑞穂 - 高松大学紀要, 2008 - takamatsu-u.repo.nii.ac.jp",https://takamatsu-u.repo.nii.ac.jp/?action=pages_view_main&active_action=repository_view_main_item_detail&item_id=6296&item_no=1&page_id=13&block_id=21
自然会話における終助詞 「かな」 の用法,"平山紫帆 - 日本語教育実践研究, 2015 - rikkyo.ac.jp",https://www2.rikkyo.ac.jp/web/i7nobuko/2015/20156SH.pdf
読解支援のための簡略化手法に対する一考察,中尾桂子 - otsuma.repo.nii.ac.jp,https://otsuma.repo.nii.ac.jp/record/166/files/KJ00006948219.pdf
随伴現象を表す類義表現の分析,"呉宜静 - 大学院教育改革支援プログラム 「日本文化研究の国際的 …, 2008 - teapot.lib.ocha.ac.jp",https://teapot.lib.ocha.ac.jp/record/7516/file_preview/12_54-61.pdf
中国人日本語学習者は日本語の漢字の書き取りが正しくできるのか?,"張婧禕， 玉岡賀津雄， 初相娟 - 中国語話者のための日本語教育研究, 2018 - tamaoka.org",https://tamaoka.org/scholarly/sadokuari/2018/165.pdf
"分離点を表すヲとカラ, および有情性について","谷守正寛， タニモリマサヒロ - … 教育地域科学部紀要. 教育 …, 1999 - repository.lib.tottori-u.ac.jp",https://repository.lib.tottori-u.ac.jp/record/550/files/tujfersesh1(1)_275(1).pdf
第二言語習得データから見た日本語のモダリティにおける 「行為拘束的モダリティ」 と 「認識的モダリティ」 の関係についての考察,"堀江薫， 玉地瑞穂 - 言語文化論集, 2013 - nagoya.repo.nii.ac.jp",https://nagoya.repo.nii.ac.jp/record/16876/file_preview/horie.pdf
現代日本語接続詞研究文献一覧 (下),"馬場俊臣 - 札幌国語研究, 2009 - hokkyodai.repo.nii.ac.jp",https://hokkyodai.repo.nii.ac.jp/record/7330/files/sap-kokugo-14-06.pdf
ビジネス場面における日本語学習者の発話に対する日本語教師の評価: 印象形成の要因に着目して,"小倉文根 - Global studies, 2021 - mu.repo.nii.ac.jp",https://mu.repo.nii.ac.jp/record/1494/files/Globalstudies5_07.pdf
「日本」 を題材とした協働学習の仕掛け―教養教育における実践から考える―,"I Gaitanidis, S Kobayashi, K Nishizumi, K Wada… - opac.ll.chiba-u.jp",https://opac.ll.chiba-u.jp/da/curator/900119367/9_001-073.pdf
日本語支援教室での保護者支援と多言語読み聞かせの活動の可能性,"江口典子， 許夏玲 - 東京学芸大学紀要 総合教育科学系, 2022 - u-gakugei.repo.nii.ac.jp",https://u-gakugei.repo.nii.ac.jp/?action=repository_uri&item_id=49557&file_id=21&file_no=1
日本語教科書におけるカモシレナイ:「文脈」 と 「機能」 による教材分析,"川口さち子， カワグチサチコ - 聖学院大学論叢, 2005 - serve.repo.nii.ac.jp",https://serve.repo.nii.ac.jp/?action=pages_view_main&active_action=repository_view_main_item_detail&item_id=295&item_no=1&page_id=13&block_id=21
自然会話における終助詞 「かな」 の用法,"ヒラヤマシホ， 平山紫帆 - 日本語教育実践研究, 2015 - rikkyo.repo.nii.ac.jp",https://rikkyo.repo.nii.ac.jp/record/11299/files/AA12691425_02_07.pdf
話者に対する方向づけを表す補助動詞 「てくる」 の考察―インドネシア語・中国語を母語とする学習者に対する導入案の提案―,"福永佳代子… - 阪大日本語教育学 …, 2022 - ir.library.osaka-u.ac.jp",https://ir.library.osaka-u.ac.jp/repo/ouka/all/87640/hnkg13_085.pdf
ブルガリア語の過去受動分詞と日本語の対照 (序章),"川崎加奈子 - 長崎外大論叢, 2010 - nufs.repo.nii.ac.jp",https://nufs.repo.nii.ac.jp/?action=pages_view_main&active_action=repository_view_main_item_detail&item_id=139&item_no=1&page_id=13&block_id=17
OPI データにみる日本語学習者と日本語母語話者による文末表現の使用,"朴仙花 - 言葉と文化, 2010 - lang.nagoya-u.ac.jp",https://www.lang.nagoya-u.ac.jp/nichigen/issue/pdf/11/%E7%AC%AC11%E5%8F%B7%E5%85%A8%E4%BD%93.pdf#page=223
認知言語学の理論を活かした日本語の授業,"山口薫， ヤマグチカオル - アカデミア. 文学・語学編, 2024 - nanzan-u.repo.nii.ac.jp",https://nanzan-u.repo.nii.ac.jp/record/2000386/files/acabungo115_12_yamaguchi_kaoru.pdf
日本語学習者の非現場指示コソアの習得に関する研究: 韓国人学習者と中国人学習者を比較して,"安龍洙 - 茨城大学留学生センター紀要, 2005 - rose-ibadai.repo.nii.ac.jp",https://rose-ibadai.repo.nii.ac.jp/record/9271/files/200700064.pdf
外来語サ変動詞における日本語母語話者の許容状況―I-JAS に基づく例文を用いた調査から―,A Minami - 言語資源活用ワークショップ 2020 - core.ac.uk,https://core.ac.uk/download/pdf/389017296.pdf#page=12
技能実習生に向けられた日本語母語話者の文末表現の特徴,"張学盼 - Journal of East Asian Studies, 2021 - petit.lib.yamaguchi-u.ac.jp",https://petit.lib.yamaguchi-u.ac.jp/28623/files/160015
「丁寧さ」 に対する焦点のあて方,"徳間晴美 - 待遇コミュニケーション研究, 2023 - jstage.jst.go.jp",https://www.jstage.jst.go.jp/article/tcg/20/0/20_114/_article/-char/ja/
「母語」 を問い直す―曖昧な意味に潜むイデオロギーと誤解の根源―,"三宅和子 - 東洋大学人間科学総合研究所紀要, 2023 - toyo.repo.nii.ac.jp",https://toyo.repo.nii.ac.jp/record/14456/files/ningenkagaku25_069-089.pdf
tutor. bunko 漢字の部屋: 日本語を身近に感じる語彙教材をめざして,永須実香， ナガスミカ - 2012 - konan-u.repo.nii.ac.jp,https://konan-u.repo.nii.ac.jp/record/3074/files/K02883.pdf
留学生と日本人チューターの学習活動 会話における評価に着目して,"李頌雅 - 言語文化教育研究, 2018 - jstage.jst.go.jp",https://www.jstage.jst.go.jp/article/gbkkg/16/0/16_157/_article/-char/ja/
マレー語母語話者の依頼に対する返答: 日本語の習得過程を探る試み,"伊藤恵美子， イトウエミコ - 異文化コミュニケーション研究, 2008 - kuis.repo.nii.ac.jp",https://kuis.repo.nii.ac.jp/record/1042/files/ICCI20_01.pdf
ET 日本語コースにおける中級レベルの開設と今後の展望-国際日本学部における取り組み,"柳澤絵美， 渡辺晴世， 岩元隆一， 菊池富美子… - 明治大学国際日本 …, 2017 - meiji.repo.nii.ac.jp",https://meiji.repo.nii.ac.jp/record/7029/files/kokusainihongaku_9_1_121.pdf
第二言語習得研究における盲点: 確信度: 確信度,"坂本正 - 일본문화학보, 2007 - dbpia.co.kr",https://www.dbpia.co.kr/Journal/articleDetail?nodeId=NODE01219361
依頼場面における使役授受表現の使用に関する日本語学習者の捉え方-中国大学日本語専攻生に対する調査に基づいて,王慧雋 - 2018 - waseda.repo.nii.ac.jp,https://waseda.repo.nii.ac.jp/record/41446/files/NihongoKyoikuJissenKenkyu_6_5.pdf
人文科学系論文の 「先行研究の章」 におけるメタディスコース,"小森万里， コモリマリ - 日本語・日本文化, 2021 - ir.library.osaka-u.ac.jp",https://ir.library.osaka-u.ac.jp/repo/ouka/all/79311/JLC_48_001.pdf
テレビドラマのシナリオに見られる話し言葉の (サ) セル表現: サセ手・シ手の立場と意志の観点から,"王慧雋 - 国立国語研究所論集= NINJAL research papers, 2021 - scholar.archive.org",https://scholar.archive.org/work/uorrghjwnzdspo5ehstwvfljd4/access/wayback/https://repository.ninjal.ac.jp/?action=repository_action_common_download&item_id=3115&item_no=1&attribute_id=54&file_no=1
テキスト関連属性と助詞選択: 計量的アプローチに基づく探索的研究―主語・主題を導く 「は」 と 「が」 をめぐって―,"石川慎一郎 - 第 4 回コーパス日本語学ワークショップ予稿集, 2013 - ninjal.ac.jp",https://www2.ninjal.ac.jp/past-events/2009_2021/event/specialists/project-meeting/files/JCLWorkshop_no4_papers/JCLWorkshop_No4_26.pdf
連体修飾節の習得に関する研究の動向,"齋藤浩美 - 言語文化と日本語教育, 2002 - dc.ocha.ac.jp",https://www.dc.ocha.ac.jp/comparative-cultures/jle/saizensen/saizensen2002/PDF-kiji/02-SaitoH-re051110-final.pdf
第 2 言語聴解過程に関する研究概観− タスクによる聴解過程の違いに焦点を当てて−,"プープィンピュ - 昭和女子大学大学院言語教育・コミュニケーション研究, 2021 - swu.repo.nii.ac.jp",https://swu.repo.nii.ac.jp/?action=repository_uri&item_id=7138&file_id=22&file_no=1
中国語を母語とする日本語学習者の話し言葉における副詞の使用傾向: I-JAS を用いて習熟度別に,"島崎英香 - 言語資源ワークショップ発表論文集, 2020 - scholar.archive.org",https://scholar.archive.org/work/lpl4fzd2nfbmpdj6i4h56kk6nm/access/wayback/https://repository.ninjal.ac.jp/?action=repository_action_common_download&item_id=3159&item_no=1&attribute_id=48&file_no=1
日本語会話授業における否定フィードバック研究概観: リキャストに焦点を当てて,久木元恵 - 2010 - catalog.lib.kyushu-u.ac.jp,https://catalog.lib.kyushu-u.ac.jp/ja/recordID/4493119/?repository=yes
接触場面初対面会話の話題転換における話題の終了表現及び開始表現: 新出型の話題転換に焦点を絞って,"シマハラコウイチ， 嶋原耕一 - 日本語教育実践研究, 2017 - rikkyo.repo.nii.ac.jp",https://rikkyo.repo.nii.ac.jp/record/14881/files/AA12691425_05_04.pdf
第二言語習得研究における盲点,確信度， 坂本正， 例主なテスト,
"日本語教科書の会話ディスコースと明示的 (explicit), 暗示的 (implicit) な調整行動: 教科書談話から学べること・学べないこと",宮崎里司 - 2005 - waseda.repo.nii.ac.jp,https://waseda.repo.nii.ac.jp/record/24607/files/34077.pdf
中国語を母語とする日本語 L2 使用者の逆行転移: 依頼表現に注目して,キユカ， 姫宇禾 - tokyo-metro-u.repo.nii.ac.jp,https://tokyo-metro-u.repo.nii.ac.jp/record/9840/files/T02995-001.pdf
現代の時代ものフィクション作品における 「疑似古語」 についての日中対照研究,L Liu - 2013 - ir.library.osaka-u.ac.jp,https://ir.library.osaka-u.ac.jp/repo/ouka/all/26221/26316_Abstract.pdf
韓国語母語話者の自然発話における漢語の使用,"高木南欧子 - 神奈川大学言語研究, 2015 - kanagawa-u.repo.nii.ac.jp",https://kanagawa-u.repo.nii.ac.jp/?action=pages_view_main&active_action=repository_view_main_item_detail&item_id=6415&item_no=1&page_id=13&block_id=21
日本語とベトナム語の依頼場面における配慮: 待遇コミュニケーションの観点から,グエンティ ニューイー - 2017 - ir.library.osaka-u.ac.jp,https://ir.library.osaka-u.ac.jp/repo/ouka/all/67093/29349_Abstract.pdf
自然環境学習者における動詞形の発達過程に関する研究―縦断的な発話資料に基づいて―,武井真美 - 2021 - tohoku.repo.nii.ac.jp,https://tohoku.repo.nii.ac.jp/record/133672/files/2435-0109-2020-27-141.pdf
日本語学習者と日本語母語話者との予測文法の比較,"花城可武 - 長崎外大論叢, 2015 - nufs.repo.nii.ac.jp",https://nufs.repo.nii.ac.jp/?action=pages_view_main&active_action=repository_view_main_item_detail&item_id=347&item_no=1&page_id=13&block_id=17
韓国高年層に残存する旧植民地日本語からみた第二言語の維持・摩滅,黄永熙,
FOREIGNER TALK 研究: 今後の課題設定のために,"夜陣素子 - 欧米文化研究, 1999 - hiroshima.repo.nii.ac.jp",https://hiroshima.repo.nii.ac.jp/records/2016638
継続的な文字チャットによる日本語学習者の情報の伝達に関わる言語表現の変化,船戸はるな - 2015 - teapot.lib.ocha.ac.jp,https://teapot.lib.ocha.ac.jp/record/41237/files/k_143_ji_honbun.pdf
"言語的マイノリティ児童の学習言語 (英語・継承語) を育てるカナダの公立小学校の実態‐エスニック・マイノリティの活力, 児童の心理的要因, バイリンガル作文力に焦点を …","鈴木崇夫， スズキタカオ - (No Title), 2013 - nufs-nuas.repo.nii.ac.jp",https://nufs-nuas.repo.nii.ac.jp/?action=repository_uri&item_id=678&file_id=20&file_no=5
中国語を母語とする日本語学習者の話し言葉における副詞の使用傾向―I-JAS を用いて習熟度別に―,H Shimazaki - repository.ninjal.ac.jp,https://repository.ninjal.ac.jp/record/3159/files/LRW2020_04_P-1-3.pdf
消滅の危機に瀕した第二言語: パラオに残存する日本語を中心に,"渋谷勝己 - 国立民族学博物館調査報告, 2003 - minpaku.repo.nii.ac.jp",https://minpaku.repo.nii.ac.jp/record/1916/files/SER39_004.pdf
日本語母語話者の 「申し出」 表現の選択要因: 行動の援助を提供する場面における緊急度,"クスリニデウィ - 言語文化学研究. 言語情報編, 2014 - omu.repo.nii.ac.jp",https://omu.repo.nii.ac.jp/record/2727/files/2014000150.pdf
第二言語としての日本語習得過程における言語転移の研究:「の」 の過剰使用を中心として,奥野由紀子 - 2003 - hiroshima.repo.nii.ac.jp,https://hiroshima.repo.nii.ac.jp/record/2005388/files/diss_ko2849.pdf
アクセント・単音の正誤と単音の種類が母語話者評価に与える影響: 韓国語を母語とする日本語学習者の発音を対象に,芹澤有美 - hiroshima.repo.nii.ac.jp,https://hiroshima.repo.nii.ac.jp/record/2001669/files/H22M_SerizawaYumi.pdf
< 研究論文> 中・上級日本語学習者による誤りの特定と訂正: 初級項目を中心に,松岡知津子， 岡本智美 - 三重大学国際交流センター紀要 - mie-u.repo.nii.ac.jp,https://mie-u.repo.nii.ac.jp/record/6712/files/63C17472.pdf
ボイクマン総子,F Beuckmann - cgcs.cu-tokyo.ac.jp,http://www.cgcs.c.u-tokyo.ac.jp/eru/vol3/2-Fusako_Beuckmann-Development_of_Interlanguage_Pragmatics_on_Refusals_in_Japanese-20190717.pdf
多義語派生義の学習法に関する考察: 学習活動・習熟度・透明性の観点から韓国人日本語学習者を対象にして,麻生迪子 - 2014 - catalog.lib.kyushu-u.ac.jp,https://catalog.lib.kyushu-u.ac.jp/opac_download_md/1440999/scs0230.pdf
韓国人日本語学習者における第二言語から第一言語への転移現象: 授受表現 「てもらう 」 形に焦点を当てて (< 特集> 多言語社会日本の言語接触に関する実証研究 …,"尹テレサ - 社会言語科学, 2014 - jstage.jst.go.jp",https://www.jstage.jst.go.jp/article/jajls/17/1/17_KJ00009727985/_article/-char/ja/
活動報告,"深見兼孝， 田村泰男， 石原淳也… - … 大学留学生教育, 2007 - hiroshima.repo.nii.ac.jp",https://hiroshima.repo.nii.ac.jp/records/2034837
ドイツ文学研究の方法論,"轡田収 - ドイツ文学, 1981 - jlc.jst.go.jp",http://jlc.jst.go.jp/DN/JALC/00367008749?from=Google
リキャストの気付き研究の問題点に関する考察,"久木元恵 - 佐賀大学留学生センター紀要, 2010 - saga-u.repo.nii.ac.jp",https://saga-u.repo.nii.ac.jp/record/19657/files/kukimoto_20103.pdf
協働で書く試み: ピア・ライティングとしての 「リライト活動」 の可能性をめぐって,牛窪隆太 - 2010 - waseda.repo.nii.ac.jp,https://waseda.repo.nii.ac.jp/record/27160/files/GengoBunkaKyoikuKenkyu_09_Ushikubo.pdf
課題解決に向けた三者間共同作業における言語行動: 日本語とロシア語の対照研究,ツォイエカテリーナ - 2016 - tufs.repo.nii.ac.jp,https://tufs.repo.nii.ac.jp/record/943/files/dt-ko-0220.pdf
日本語学習者の作文における自動評価と教師評価の比較,"小森和子， 伊集院郁子， 李在鎬 - 明治大学国際日本学研究, 2022 - meiji.repo.nii.ac.jp",https://meiji.repo.nii.ac.jp/record/7085/files/kokusainihongaku_14_1_41.pdf
日本語教師の省察的実践モデルの構築―語りの現象学的分析の試みから―,香月裕介 - 2019 - ir.library.osaka-u.ac.jp,https://ir.library.osaka-u.ac.jp/repo/ouka/all/73539/30777_Abstract.pdf
基礎日本語の話し言葉の文法に関する一考察,"李徳泳， 廣瀬， 麻里奈 - 일본어학연구, 2022 - dbpia.co.kr",https://www.dbpia.co.kr/Journal/articleDetail?nodeId=NODE11076518
「学習者視点」 に基づく 「ことばの多様性」 の学習に関する研究-「人称表現」 における多様性を対象として,任ジェヒ - 2020 - waseda.repo.nii.ac.jp,https://waseda.repo.nii.ac.jp/record/58338/files/Gaiyo-8597.pdf
対面式タンデム学習における学び: 日本語学習者と日本語話者のやりとりにおける LRE を手がかりに,"青木直子， 栄苗苗， 郭菲， 劉姝， 王静斎… - 阪大日本語 …, 2017 - ir.library.osaka-u.ac.jp",https://ir.library.osaka-u.ac.jp/repo/ouka/all/60634/?lang=1
JSL 中国人中上級学習者の言い換えストラテジーに関する一考察,安芝恩 - 2016 - catalog.lib.kyushu-u.ac.jp,https://catalog.lib.kyushu-u.ac.jp/ja/recordID/1784609/?repository=yes
中国人学習者の構築している 「V テモイイカ」 文の形式上の特徴,李莹 - 2018 - waseda.repo.nii.ac.jp,https://waseda.repo.nii.ac.jp/record/2002375/files/TaiguKomyunikeshonKenkyu_15_6.pdf
「多言語母語の日本語学習者横断コーパス (I− JAS)」 から見た日本語学習者の会話における 「で」 の使用実態について―日本語母語話者との比較を通じて―,"Y LIU - Journal of Humanities and Social Sciences, 2024 - ousar.lib.okayama-u.ac.jp",https://ousar.lib.okayama-u.ac.jp/files/public/6/68312/20250129173206485525/hss_058_195.pdf
日本語の接触場面における他者開始修復とポライトネス,"義永， 美央子 - 多文化社会と留学生交流: 大阪大学留学生 …, 2007 - ir.library.osaka-u.ac.jp",https://ir.library.osaka-u.ac.jp/repo/ouka/all/50741/?lang=0
韓国人帰国生日本語の存在表現に関する縦断的考察,"黃永熙 - 일본어학연구, 2018 - dbpia.co.kr",https://www.dbpia.co.kr/Journal/articleDetail?nodeId=NODE07467418
韓国高年層日本語の否定表現からみる第二言語の保持,"黄永熙 - 阪大日本語研究, 2008 - ir.library.osaka-u.ac.jp",https://ir.library.osaka-u.ac.jp/repo/ouka/all/11946/20-05.pdf
日本語と延辺朝鮮語における依頼談話の展開について: 談話構造とストラテジーの考察を中心に,"張雪梅 - (No Title), 2013 - core.ac.uk",https://core.ac.uk/download/pdf/222951924.pdf
第二言語としての日本語の受身文の習得研究―視点に着目して―,李偉， リイ - 2018 - ir.library.osaka-u.ac.jp,https://ir.library.osaka-u.ac.jp/repo/ouka/all/69643/29834_Abstract.pdf
日本語学習者のコロケーション習得に関する研究: 動詞 「する」 を中心に,鈴木綾乃， スズキアヤノ - 2014 - tufs.repo.nii.ac.jp,https://tufs.repo.nii.ac.jp/record/1086/files/dt-ko-0178.pdf
中国人日本語学習者の文法能力は作文の語彙特性にどう影響するか,"楊艶萍， 玉岡賀津雄， 張婧禕 - ことばの科学, 2019 - tamaoka.org",http://tamaoka.org/scholarly/sadokunasi/2019/070.pdf
第二言語から第一言語への言語転移現象に関する実証的研究: 韓国人日本語学習者の 「てもらう 」 表現に注目して,尹テレサ - 2016 - u-gakugei.repo.nii.ac.jp,https://u-gakugei.repo.nii.ac.jp/record/33513/files/DK_2015_269_review.pdf
外国人の失礼な日本語表現について: 待遇表現の間違いと見えにくい用例,"マスデン眞理子 - 熊本大学国際化推進センター紀要, 2010 - kumadai.repo.nii.ac.jp",https://kumadai.repo.nii.ac.jp/?action=pages_view_main&active_action=repository_view_main_item_detail&item_id=23676&item_no=1&page_id=13&block_id=21
中国語母語話者における日本語自・他動詞の習得研究―中国語で可能標識が使われる表現を中心に―,"関承 - 広島大学大学院国際協力研究科 博士論文, 2014 - core.ac.uk",https://core.ac.uk/download/pdf/222953159.pdf
文の理解における予測について,"井口靖 - 人文論叢: 三重大学人文学部文化学科研究紀要, 2013 - mie-u.repo.nii.ac.jp",https://mie-u.repo.nii.ac.jp/?action=pages_view_main&active_action=repository_view_main_item_detail&item_id=1609&item_no=1&page_id=13&block_id=21
待遇コミュニケーションにおける 「丁寧さ」 に関する考察,"蒲谷宏， 任ジェヒ， 徳間晴美 - 待遇コミュニケーション研究, 2024 - jstage.jst.go.jp",https://www.jstage.jst.go.jp/article/tcg/21/0/21_82/_article/-char/ja/
第二言語学習者における聴解と記憶: ワーキングメモリ理論を枠組みとして,福田倫子 - 2005 - hiroshima.repo.nii.ac.jp,https://hiroshima.repo.nii.ac.jp/record/2005434/files/diss_ko3541.pdf
第二言語としての日本語における終助詞 「ね」 の習得-韓国人日本語学習者を対象に,"朴美貞， パク,ミジョン - swu.repo.nii.ac.jp",https://swu.repo.nii.ac.jp/record/7318/files/swu-o76-yoshi.pdf
トルコ人日本語学習者の授受表現の習得,D AKKUŞ - 2011 - nagoya.repo.nii.ac.jp,https://nagoya.repo.nii.ac.jp/record/13001/file_preview/k9167.pdf
L2 言語社会化におけるエージェンシーの役割,奥野由紀子 - dbpia.co.kr,https://www.dbpia.co.kr/Journal/articleDetail?nodeId=NODE11929117
学習環境を動的なシステムとして捉え直す,"伊藤秀明伊藤 - F1000Research, 2024 - pmc.ncbi.nlm.nih.gov",https://pmc.ncbi.nlm.nih.gov/articles/PMC11586609/
第一言語としての日本語獲得に関する文献目録: 1998 年 4 月 6 日版,大野清幸 - 1998 - aska-r.repo.nii.ac.jp,https://aska-r.repo.nii.ac.jp/record/7563/files/0001037199807035100.pdf
A Study of Negation in Contemporary Japanese--From the perspective of Teaching Japanese as A Foreign Language in Taiwan--,Y Wang,
授業分析シート (CIAS) 試作版の開発と CIAS を使った授業分析事例,"森篤嗣， モリアツシ， バトラー後藤裕子… - 国際言語 …, 2018 - kufs.repo.nii.ac.jp",https://kufs.repo.nii.ac.jp/record/345/files/kokusaigengobunka040117.pdf
3 歳から 4 歳までの子どもの理由を表す接続助詞 「から」 の習得,"窪田美穂子， クボタミホコ - 東京造形大学研究報, 2017 - zokei.repo.nii.ac.jp",https://zokei.repo.nii.ac.jp/record/19/files/07_18kubota.pdf
口頭による伝達のストラテジー分析:「わかりやすさ」 に関する考察,蔭山峰子， カゲヤマミネコ - 2012 - doshisha.repo.nii.ac.jp,https://doshisha.repo.nii.ac.jp/?action=repository_uri&item_id=21723
バイリンガルとして育つということ: 二言語で生きることで起きる認知的影響,"久津木文 - Theoretical and applied linguistics at Kobe Shoin …, 2014 - shoin.repo.nii.ac.jp",https://shoin.repo.nii.ac.jp/?action=pages_view_main&active_action=repository_view_main_item_detail&item_id=1448&item_no=1&page_id=13&block_id=21
タイ人配偶者の否定表現に関する事例研究: 自然習,"小田佐智子 - 阪大日本語研究, 2015 - ir.library.osaka-u.ac.jp",https://ir.library.osaka-u.ac.jp/repo/ouka/all/51516/hnk27_137.pdf
第二言語習得研究: 束縛原理の習得を通して,白畑知彦， シロハタトモヒコ - 2003 - ir.library.osaka-u.ac.jp,https://ir.library.osaka-u.ac.jp/repo/ouka/all/1218/18269_Abstract.pdf
Methodologische Reflexion über die deutsche Literatur-wissenschaft in japanischer Sicht,"O KUTSUWADA - die Deutsche Literatur, 1981 - jstage.jst.go.jp",https://www.jstage.jst.go.jp/article/dokubun1947/66/0/66_0_1/_article/-char/ja/
Native Malay Students' Responses to Re-quests in regard to Superior Interlocutors: An Attempt to Investigate the Process of Acquisition in Japanese Language,ITO Emiko - jmuvt.com,http://www.jmuvt.com/memorial/history/archive/post/files/pdf/20_01.pdf
英語受動構文の研究: 認知言語学的視点から,"高野秀之， タカノヒデユキ - 嘉悦大学研究論集, 2004 - kaetsu.repo.nii.ac.jp",https://kaetsu.repo.nii.ac.jp/?action=pages_view_main&active_action=repository_view_main_item_detail&item_id=102&item_no=1&page_id=13&block_id=21
An Acquisition Study of “to omou”,PY Lin,
LINE チャットの会話における感動詞 「あ」 の分析,"楊虹， ヤンホン - 鹿児島県立短期大学紀要 人文・社会科学篇, 2022 - k-kentan.repo.nii.ac.jp",https://k-kentan.repo.nii.ac.jp/record/2946/files/05-%E6%A5%8A.pdf
同形日語漢字語彙和異形日語漢字語彙的 語意習得之案例分析-以一位臺灣人 學習者的習得歷程為主要案例,郭毓芳 - 目 錄 - s3.ap-southeast-1.amazonaws.com,https://s3.ap-southeast-1.amazonaws.com/web-content.fcu.edu.tw/wp-content/uploads/sites/43/2024/10/17143444/%E4%BA%BA%E7%A4%BE%E5%AD%B8%E5%A0%B128%E6%9C%9F%E5%88%97%E5%8D%B0%E6%AA%94.pdf#page=61
Riconsiderazione del concetto di keigo e di linguaggio onorifico: la pragmatica del discorso nello studio e nella didattica della lingua giapponese,"P Calvetti - COLLANA DI STUDI GIAPPONESI. RICERCHE, 2016 - iris.unive.it",https://iris.unive.it/handle/10278/3715447
KY コーパスの学習者談話における終助詞とノダ形式,"梁乃允， 李吉鎔 - 일본어학연구, 2017 - dbpia.co.kr",https://www.dbpia.co.kr/Journal/articleDetail?nodeId=NODE07246300
第 2 言語ユーザのことばと心—マルチコンピテンスからの提言—,村端五郎， 村端佳子 - 2016 - 開拓社,
JFL 환경 학습자의 발화데이터로 본 역접조사 의 중간언어 생성-굴절어 및 고립어 모어화자를 중심으로,"윤상한， 최연주 - 일어일문학, 2020 - dbpia.co.kr",https://www.dbpia.co.kr/Journal/articleDetail?nodeId=NODE09871776
"Abney, Steven. 1987. The English Noun Phrase in its Sentential Aspect. Doctoral dissertation, MIT. Cambridge, MA.","M Yamura-Takei - CALICO Journal, 1968 - ns1.shudo-u.ac.jp",http://ns1.shudo-u.ac.jp/~takeim/research/PDF/15_bibliography.pdf
한․ 일 양국어의 언어유형연구,조은숙,
よくわかる心理学,"無藤隆， 森敏昭， 池上知子， 福丸由佳 - (No Title), 2009 - minervashobo.co.jp",https://www.minervashobo.co.jp/files/textbook/psychology2020.pdf
การ แสดง ความ ไม่ เห็น ด้วย ของ ประธาน บริษัท ชาว ญี่ปุ่น,"สุ ชิ รา ฤ ทธิ วงศ์… - NIDA Journal of Language …, 2016 - so04.tci-thaijo.org",https://so04.tci-thaijo.org/index.php/NJLC/article/view/94413
"Alien plant invasion in water systems in Shanghai, China","F Yang, N Nakagoshi - Journal of International Development and …, 2004 - researchgate.net",https://www.researchgate.net/profile/Keshav-Maharjan/publication/32115875_Participation_of_National_Civil_Society_Organizations_in_the_Policy_Process_A_Case_Study_of_CONPES_as_a_Venue_in_Nicaragua_Article/links/0deec516bd23aac76e000000/Participation-of-National-Civil-Society-Organizations-in-the-Policy-Process-A-Case-Study-of-CONPES-as-a-Venue-in-Nicaragua-Article.pdf#page=6
第二言語の語彙習得に関する研究―プロトタイプとの関連から―,金祉譓 - 2016 - tohoku.repo.nii.ac.jp,https://tohoku.repo.nii.ac.jp/record/68701/files/160210-Kim-491-1.pdf
종단적 발화데이터로 본 한국인 일본어학습자의 문법처리과정-접속조사 를 중심으로,"최연주， 윤상한 - 일어일문학, 2020 - dbpia.co.kr",https://www.dbpia.co.kr/Journal/articleDetail?nodeId=NODE09311107
『接続詞関係研究文献一覧』(2024 年 3 月公開),馬場俊臣 - 2024 - hokkyodai.repo.nii.ac.jp,https://hokkyodai.repo.nii.ac.jp/record/2000163/files/Conjunction_Bibliography-1.0.zip
청유대화에서의 화제 선택과 폴라이트니스,"정영미 - 일본어학연구, 2014 - dbpia.co.kr",https://www.dbpia.co.kr/pdf/pdfView?nodeId=NODE02474912
남자 대학생의 화제도입전략에 관한 한일대조연구,"정영미 - 일본어학연구, 2015 - dbpia.co.kr",https://www.dbpia.co.kr/Journal/articleDetail?nodeId=NODE06221066
중간언어화용론의 관점에서 본 제 2 언어습득 이후의 일본어 종조사의 특징: 중국 조선족 식민지일본어와의 비교: 중국 조선족 식민지일본어와의 비교,"황영희 - 일본연구, 2016 - dbpia.co.kr",https://www.dbpia.co.kr/pdf/pdfView?nodeId=NODE07040915
语用负迁移视阈下的日语语用能力测试的多选题选项设计——以请求行为的 “产出” 为例,"李凤梅， 刘玉琴 - Modern Linguistics, 2023 - hanspub.org",https://www.hanspub.org/journal/PaperInformation?paperID=77238
The change and prospect of L2 attrition research,"YHEE HWANG - The Japanese Language …, 2021 - The Japanese Language …",
제 2 언어마멸연구의 변천과 전망,"황영희 - 일본어학연구, 2021 - dbpia.co.kr",https://www.dbpia.co.kr/Journal/articleDetail?nodeId=NODE10604672
Interactional particle use in a Japanese L2 learner corpus: Usage-based analysis and application to teaching Japanese,"K MASUDA - NINJAL Research Papers, 2024 - core.ac.uk",https://core.ac.uk/download/pdf/599231304.pdf
